date,company,sector,role,role_type,channel,status,contact_person,fit_rating,notes,cv_file,cover_letter_file,source
2026-09-13,Dreamdata,B2B SaaS / marketing attribution,Staff Insights Engineer,Data Scientist,TheHub (via Jobindex),applied,,Strong Fit (83),Applied 2026-09-13; direct match on MTA/ROPO/warehouse ownership,cv/main_dreamdata.tex,cover_letters/cover_dreamdata_staff-insights-engineer.tex,https://thehub.io/jobs/6a9769644d03aefee3b654cf?utm_source=jobindex&utm_medium=jobboard&utm_content=dk
2026-09-13,NORDEN,Shipping / Maritime,Data Scientist Risk Management,Data Scientist,Company website,applied,,Moderate Fit (57),Applied 2026-09-13; location clears Denmark deal-breaker (Hellerup); Azure gap acknowledged honestly,cv/cv_norden.tex,cover_letters/cover_norden_data-scientist-risk-management.tex,https://www.norden.com/career/jobs/349274/
2026-09-13,Falck,Emergency response & healthcare services,Data Engineer,Data Engineer,,applied,,,Applied 2026-09-13,cv/cv_falck.tex,cover_letters/cover_falck_data-engineer.tex,
2026-09-13,Flatpay,Fintech / payments,Data Engineer,Data Engineer,,applied,,,Applied 2026-09-13,cv/cv_flatpay.tex,cover_letters/cover_flatpay_data-engineer.tex,
2026-09-13,NKT Photonics,Photonics / lasers (Hamamatsu),Data & AI Platform Engineer,Data Engineer,LinkedIn (Workday),applied,,Good Fit (66),Applied 2026-09-13; direct match on data warehouse/platform build and AI-enablement angle,cv/cv_nkt-photonics.tex,cover_letters/cover_nkt-photonics_data-engineer.tex,https://photonics.wd103.myworkdayjobs.com/PhotonicsLinkedIn/job/Birkerd-Capital-Region-Denmark/Data-engineer_JR100481-1?source=LinkedIn
2026-09-13,Abacus Medicine,Pharma / parallel import,Data Engineer,Data Engineer,,applied,,,Applied 2026-09-13,cv/cv_abacus-medicine.tex,cover_letters/cover_abacus-medicine_data-engineer.tex,
2026-09-14,ECCO Sko A/S,Footwear / retail manufacturing,Data Engineer,Data Engineer,Company website,applied,Fabian Thiele (Group Director of Technology; inquiries contact),Good Fit (70),Applied 2026-09-14; Copenhagen location clears Denmark deal-breaker; Airflow/dbt/Terraform gap acknowledged honestly,cv/cv_ecco.tex,cover_letters/cover_ecco_data-engineer.tex,https://enter.ecco.com/en/job-search-v2/data-engineer-3561
2026-09-14,Heyra,AI consultancy,Data Engineer - On-site Copenhagen,Data Engineer,TheHub (via LinkedIn),applied,,Good Fit (65),Applied 2026-09-14; on-site Copenhagen matches relocation target; dbt/Snowflake gap acknowledged honestly,cv/cv_heyra.tex,cover_letters/cover_heyra_data-engineer.tex,https://thehub.io/jobs/6a92238683763633917eb4f8
2026-09-16,WPP,Advertising / Marketing (AdTech),Junior Data Scientist,Data Scientist,LinkedIn,applied,,Strong Fit (77),Applied 2026-09-16; Open Intelligence team Copenhagen; deliberately applied at Junior level (currently Medior) for senior mentorship; cover letter in English despite Danish posting,cv/cv_wpp.tex,cover_letters/cover_wpp_junior-data-scientist.tex,https://www.linkedin.com/jobs/view/4465533110/
